,product_id,title,link,onlineRegular,onlineDiscount,prices_shop,brand
0,642122,"Кофе Nescafe Gold растворимый сублимированный с добавлением натурального жареного молотого кофе, 750г",/products/nescafe-s-dobavleniem-naturalnogo-zharenogo-molotogo-gold-750g,2399,1599,"[(1599, 'от 1 шт')]","('NESCAF',)"
1,122743,"Кофе Nescafe Gold растворимый сублимированный с добавлением натурального жареного молотого кофе, 900г",/products/kofe-nescafe-gold-rastvorimiy-sublimirovanniy-s-dobavleniem-naturalnogo-zharenogo-molotogo-kofe-900g,2269,1899,"[(1799, 'от 1 шт')]","('NESCAF',)"
2,407889,"Кофе Bushido Original растворимый, 100г",/products/bushido-sublimirovannyj-original-100g,899,649,"[(589, 'от 1 шт'), (535, 'от 6 шт')]","('BUSHIDO',)"
3,287768,"RIOBA Кофе в зернах натуральный жареный 100% арабика Espresso, 1кг",/products/rioba-v-zernah-naturalnyj-zharenyj-100-arabika-espresso-1kg,1529,1199,"[(1199, 'от 1 шт')]","('RIOBA',)"
4,580564,"Кофе Egoiste Arabica Premium натуральный жареный в зернах, 1кг",/products/egoiste-v-zernah-naturalnyj-zharenyj-arabica-premium-1kg,2099,1499,"[(1599, 'от 1 шт')]","('EGOISTE',)"
5,598958,"Кофе Bushido Kodo растворимый, 95г",/products/bushido-v-kristallah-kodo-95g,989,649,"[(589, 'от 1 шт')]","('BUSHIDO',)"
6,112993,"Кофе Egoiste трюфель крема в зернах, 1кг",/products/kofe-v-zernah-egoiste-tryufel-krema-1kg,2199,1599,"[(1599, 'от 1 шт')]","('EGOISTE',)"
7,427833,"Кофе Lavazza Qualita Oro натуральный жареный в зернах, 1кг",/products/v-zernah-lavazza-naturalnyj-zharenyj-qualita-oro-1kg,2249,2049,"[(1999, 'от 1 шт')]","('LAVAZZA',)"
8,546341,"Кофе Ambassador Nero Espresso Roast в зернах, 1кг",/products/ambassador-v-zernah-naturalnyj-zharenyj-nero-1kg,899,799,"[(749, 'от 1 шт'), (639, 'от 6 шт')]","('AMBASSADOR',)"
9,287769,"RIOBA Кофе в зернах натуральный жареный 80:20, 1кг",/products/rioba-v-zernah-naturalnyj-zharenyj-gold-1kg,1529,1149,"[(1099, 'от 1 шт')]","('RIOBA',)"
10,59002,"Кофе Bushido Sensei молотый, 227г",/products/art-59002,739,469,"[(449, 'от 1 шт')]","('BUSHIDO',)"
11,59409,"Кофе Fresco Arabica Solo в зернах, 1кг",/products/fresco-arabica-solo-v-zernah-1000-g,1299,1149,"[(1089, 'от 1 шт')]","('FRESCO',)"
12,123742,"Кофе Nescafe Classic растворимый порошкообразный с добавлением натурального жареного молотого кофе, 900г",/products/900g-nescafe-classic,1819,1299,"[(1299, 'от 1 шт')]","('NESCAF',)"
13,110546,"Кофе Bushido Black Katana в зернах, 1кг",/products/kofe-zernovoj-bushido-black-katana-1000g,2699,1799,"[(1699, 'от 1 шт')]","('BUSHIDO',)"
14,104561,"Кофе Fresco Blend в зернах, 1кг",/products/fresco-blend-1000g,1299,1149,"[(1089, 'от 1 шт')]","('FRESCO',)"
15,62828,"Кофе Julius Meinl Президент классическая коллекция в зернах, 1кг",/products/julius-meinl-prezident-1000g,1789,1499,"[(1449, 'от 1 шт')]","('JULIUSMEINL',)"
16,654819,"Кофе Julius Meinl Espresso Premium Collection в зернах, 1кг",/products/v-zernah-julius-meinl-espresso-premium-kollekciya-1000g,1989,1799,"[(1799, 'от 1 шт')]","('JULIUSMEINL',)"
17,654820,"Кофе Julius Meinl Caffe Crema Intenso Trend Collection в зернах, 1кг",/products/v-zernah-julius-meinl-krema-intenso-trend-kollekciya-1000g,1669,1349,"[(1349, 'от 1 шт')]","('JULIUSMEINL',)"
18,36574,"Кофе Bushido Red Katana в зернах, 1кг",/products/bushido-red-1000g,2199,1849,"[(1799, 'от 1 шт')]","('BUSHIDO',)"
19,287770,"RIOBA Кофе в зернах натуральный жареный Silver, 1кг",/products/rioba-v-zernah-naturalnyj-zharenyj-silver-1kg,1449,1049,"[(999, 'от 1 шт')]","('RIOBA',)"
20,665877,"Кофе Ambassador Blue Label в зернах, 1кг",/products/ambassador-blue-label-zernovoj-1000-g,1359,1049,"[(999, 'от 1 шт')]","('AMBASSADOR',)"
21,230302,"Кофе Monarch Original растворимый, 210г",/products/kofe-monarch-original-rastvorimyy-210g,729,499,"[(449, 'от 1 шт'), (402, 'от 6 шт')]","('MONARCH',)"
22,133439,"RIOBA Кофе в капсулах Dolce Gusto Capuccino 8 порций 16 капсул, 192г",/products/192g-kofe-v-kaps-rioba-dolce-gusto-cappuccino,519,379,"[(379, 'от 1 шт')]","('RIOBA',)"
23,365548,"Кофе Alta Roma Espresso в зернах, 1кг",/products/kofe-alta-roma-espresso-v-zernakh-1kg,999,929,"[(899, 'от 1 шт')]","('ALTAROMA',)"
24,224712,"Кофе Monarch Intense растворимый, 95г",/products/95g-kofe-monarch-intense-rastvorimyy-st,359,289,"[(299, 'от 1 шт'), (239, 'от 6 шт')]","('MONARCH',)"
25,230303,"Кофе Monarch Original растворимый, 500г",/products/kofe-monarch-original-rastvorimyy-500g,1699,1149,"[(989, 'от 1 шт'), (939, 'от 6 шт')]","('MONARCH',)"
26,59003,"Кофе Bushido Sensei в зернах, 227г",/products/bushido-sensei-227g,699,469,"[(449, 'от 1 шт')]","('BUSHIDO',)"
27,654818,"Кофе Julius Meinl Сaffe Crema Premium Collection в зернах, 1кг",/products/julius-meinl-krema-premium-1kg,2089,1699,"[(1699, 'от 1 шт')]","('JULIUSMEINL',)"
28,224709,"Кофе Monarch Original растворимый, 95г",/products/95g-kofe-monarch-original-rastvorimyy-st,359,289,"[(299, 'от 1 шт'), (239, 'от 6 шт')]","('MONARCH',)"
29,44332,"Кофе Egoiste Espresso в зернах, 1кг",/products/egoiste-espresso-1000g,2349,1599,"[(1599, 'от 1 шт')]","('EGOISTE',)"
30,228292,"Кофе Egoiste Truffle молотый, 250г",/products/250g-kofe-egoiste-truffle-molotyy,579,399,"[(369, 'от 1 шт')]","('EGOISTE',)"
31,133441,"RIOBA Кофе в капсулах Dolce Gusto Latte Macciato 8 порций 16 капсул, 192г",/products/192g-kofe-v-kaps-rioba-dolce-gusto-latte-macc,519,399,"[(379, 'от 1 шт')]","('RIOBA',)"
32,619918,"Кофе Nescafe Gold Barista растворимый сублимированный с добавлением натурального молотого кофе, 400г",/products/art-619918,1859,1249,"[(1249, 'от 1 шт')]","('NESCAF',)"
33,72533,"Набор кофе в капсулах Coffesso для кофемашин Nespresso ассорти 50шт, 250г",/products/coffesso-nabor-v-kapsulah-50-sht-h-5-g,1309,990,"[(990, 'от 1 шт')]","('COFFESSO',)"
34,8352,"RIOBA Кофе в капсулах Dolce Gusto Americano 16шт, 112г",/products/rioba-dolce-gusto-americano-16sht,519,399,"[(379, 'от 1 шт')]","('RIOBA',)"
35,658721,"Кофе Kimbo Caffe crema classico light в зернах, 1кг",/products/kimbo-dolche-krem-1kg,1909,1599,"[(1499, 'от 1 шт')]","('KIMBO',)"
36,32456,"Кофе Lavazza Qualita Oro молотый, 250г",/products/lavazza-naturalnyj-zharenyj-oro-250g,699,0,"[(649, 'от 1 шт')]","('LAVAZZA',)"
37,530966,"RIOBA Кофе в капсулах Cremoso для кофемашин Nespresso 11шт, 55г",/products/rioba-dlya-kofemashin-cremoso-11x5g,329,229,"[(229, 'от 1 шт')]","('RIOBA',)"
38,228291,"Кофе Egoiste Voyage в зернах, 1кг",/products/1kg-kofe-egoiste-voyage-v-zernah,2219,1699,"[(1599, 'от 1 шт')]","('EGOISTE',)"
39,101497,"Кофе Jardin Eclair в зернах, 1кг",/products/jardin-eclair-1000g,1689,1249,"[(1199, 'от 1 шт')]","('JARDIN',)"
40,218718,"Кофе Poetti Daily Mokka в зернах, 1кг",/products/1kg-kofe-poetti-daily-mokka-v-zernah,1149,999,"[(969, 'от 1 шт')]","('POETTI',)"
41,388183,"Кофе Dallmayr Ethiopia в зернах, 500г",/products/molotyj-dallmayr-efiopiya-500g,1419,1099,"[(1099, 'от 1 шт')]","('DALLMAYR',)"
42,508640,"Кофе Egoiste Noir молотый, 250г",/products/egoiste-naturalnyj-zharenyj-250g,669,499,"[(449, 'от 1 шт'), (399, 'от 12 шт')]","('EGOISTE',)"
43,224737,"Кофе Monarch Original растворимый, 190г",/products/190g-kofe-monarch-original-rastvorimyy-st,659,499,"[(449, 'от 1 шт'), (402, 'от 6 шт')]","('MONARCH',)"
44,228285,"Кофе Egoiste Captain в зернах, 1кг",/products/1kg-kofe-egoiste-captain-v-zernah,2329,1699,"[(1599, 'от 1 шт')]","('EGOISTE',)"
45,218712,"Кофе Poetti Leggenda Original в зернах, 1кг",/products/1kg-kofe-poetti-leggenda-original-v-zernah,1669,1399,"[(1389, 'от 1 шт')]","('POETTI',)"
46,395462,"Кофе Julius Meinl Президент в зернах, 500г",/products/julius-meinl-v-zernah-naturalnyj-zharenyj-president-500g,889,749,"[(699, 'от 1 шт')]","('JULIUSMEINL',)"
47,637204,"Кофе в капсулах L’or Espresso Forza для кофемашин Nespresso 10шт, 52г",/products/l-rsquoor-espr-forza-52-g,399,379,"[(349, 'от 1 шт')]","(""L'OR"",)"
48,102232,"Кофе Ambassador Gold Label в зернах, 1кг",/products/ambassador-gold-label-v-zernah-1000g,1089,1029,"[(999, 'от 1 шт')]","('AMBASSADOR',)"
49,586897,"Кофе Lavazza Crema e Aroma натуральный жареный в зернах, 1кг",/products/lavazza-v-zernah-naturalnyj-zharenyj-crema-e-aroma-1kg,2199,1999,"[(1799, 'от 1 шт')]","('LAVAZZA',)"
50,119136,"Кофе в капсулах Jardin Vanillia Rich&Sweet для кофемашин Nespresso 10шт, 50г",/products/10h5g-jardin-vanillia,399,279,"[(279, 'от 1 шт')]","('JARDIN',)"
51,104610,"Кофе Julius Meinl Юбилейный классическая коллекция в зернах, 1кг",/products/yubilejnyj-julius-meinl-1000g,1869,1599,"[(1599, 'от 1 шт')]","('JULIUSMEINL',)"
52,243439,"Кофе Monarch Gold растворимый, 500г",/products/kofe-monarch-gold-rastvorimyy-500g,1549,1199,"[(1089, 'от 1 шт')]","('MONARCH',)"
53,218719,"Кофе Poetti Daily Classic Crema в зернах, 1кг",/products/1kg-kofe-poetti-daily-classic-crema-v-zernah,1339,1119,"[(1090, 'от 1 шт')]","('POETTI',)"
54,218710,"Кофе Poetti Daily Mokka молотый, 250г",/products/250g-kofe-poetti-daily-mokka-molotyy,319,269,"[(249, 'от 1 шт')]","('POETTI',)"
55,218720,"Кофе Poetti Daily Arabica в зернах, 1кг",/products/1kg-kofe-poetti-daily-arabica-v-zernah,1399,1299,"[(1229, 'от 1 шт')]","('POETTI',)"
56,530964,"RIOBA Кофе в капсулах Decaffeinato без кофеина для кофемашин Nespresso 11шт, 55г",/products/rioba-dlya-kofemashin-decaffein-11x5g,329,229,"[(229, 'от 1 шт')]","('RIOBA',)"
57,32459,"Кофе Lavazza Crema e Gusto Classico молотый, 250г",/products/lavazza-naturalnyj-zharenyj-crema-e-gusto-250g,529,0,"[(459, 'от 1 шт')]","('LAVAZZA',)"
58,218714,"Кофе Poetti Leggenda Ruby в зернах, 1кг",/products/1kg-kofe-poetti-leggenda-ruby-v-zernah,1669,1399,"[(1389, 'от 1 шт')]","('POETTI',)"
59,636528,"Кофе Egoiste Velvet молотый, 200г",/products/egoiste-velvet-200g,569,429,"[(429, 'от 1 шт')]","('EGOISTE',)"
60,221908,"Кофе в капсулах Lebo Espresso Collection для кофемашин Nespresso 40шт, 220г",/products/40shth55g-kofe-lebo-espresso-collection-banka,1419,1190,"[(1090, 'от 1 шт')]","('LEBO',)"
61,530965,"RIOBA Кофе в капсулах Armonioso для кофемашин Nespresso 11шт, 55г",/products/rioba-dlya-kofemashin-armonioso-10x5g,329,229,"[(229, 'от 1 шт')]","('RIOBA',)"
62,112992,"Кофе Egoiste гранд крю в зернах, 1кг",/products/kofe-v-zernah-egoiste-grand-kryu-1kg,2399,1899,"[(1799, 'от 1 шт')]","('EGOISTE',)"
63,530967,"RIOBA Кофе в капсулах Forte для кофемашин Nespresso 11шт, 55г",/products/rioba-dlya-kofemashin-forte-11x5g,329,229,"[(229, 'от 1 шт')]","('RIOBA',)"
64,238564,"Напиток кофейный Monarch Classic 3в1 растворимый (13.5г x 50шт), 675г",/products/napitok-kofeynyy-monarch-classic-3v1-rastvorimyy-135g-x-50sht-675g,939,589,"[(589, 'от 1 шт')]","('MONARCH',)"
65,226399,"Кофе Московская кофейня на паяхъ Арабика растворимый сублимированный, 95г",/products/moskovskaya-kofejnya-na-payah-sublimirovannyj-arabika-95g,549,361,"[(359, 'от 1 шт')]","('МОСКОВСКАЯКОФЕЙНЯНАПАЯХЪ',)"
66,632120,"aro Кофе растворимый сублимированный, 900г",/products/aro-sublimirovannyj-900g,1599,0,"[(1449, 'от 1 шт')]","('ARO',)"
67,125676,"Кофе Lebo Classic молотый для турки, 200г",/products/200g-lebo-classic-dlya-turki,262,219,"[(209, 'от 1 шт')]","('LEBOCLASSIC',)"
68,530968,"RIOBA Кофе в капсулах Delicato для кофемашин Nespresso 11шт, 55г",/products/rioba-dlya-kofemashin-delicato-10x5g,329,229,"[(229, 'от 1 шт')]","('RIOBA',)"
69,241844,"Кофе в капсулах Coffesso Capuccino Crema для кофемашин Dolce Gusto 16шт, 192г",/products/8shth8g8shth16g-kofe-coffesso-sappuccino-crema-kapsuly,559,459,"[(459, 'от 1 шт')]","('COFFESSO',)"
70,70170,"Кофе Nescafe Classic растворимый, 190г",/products/nescafe-classic-paket-190g,293,269,"[(269, 'от 1 шт')]","('NESCAF',)"
71,226465,"Кофе Alta Roma Vero в зернах, 1кг",/products/kofe-alta-roma-vero-v-zernakh-1kg,1379,1299,"[(1199, 'от 1 шт')]","('ALTAROMA',)"
72,218639,"Кофе Nescafe Classic Crema растворимый, 190г",/products/190g-kofe-nescafe-classic-crema-rastvorimyy-st-banka,419,369,"[(349, 'от 1 шт')]","('NESCAF',)"
73,228295,"Кофе Egoiste Truffle растворимый сублимированный, 95г",/products/kofe-egoiste-truffle-rastvorimyy-sublimirovannyy-95g,999,599,"[(599, 'от 1 шт')]","('EGOISTE',)"
74,439335,"Кофе Fresco Arabica Solo растворимый, 100г",/products/fresco-arabika-100g,319,269,"[(269, 'от 1 шт')]","('FRESCO',)"
75,147698,"aro Кофе растворимый сублимированный, 80г",/products/sublimirovannyj-aro-80g,189,169,"[(149, 'от 1 шт'), (142, 'от 12 шт')]","('ARO',)"
76,8359,"RIOBA Кофе в капсулах Dolce Gusto Grande Intenso 16шт, 112г",/products/rioba-dolce-gusto-grande-intenso-16sht,519,399,"[(379, 'от 1 шт')]","('RIOBA',)"
77,226341,"Кофе Lebo Classic в зернах, 1кг",/products/1kg-kofe-lebo-classic-v-zernah,1259,1190,"[(1099, 'от 1 шт')]","('LEBO',)"
78,230300,"Кофе Monarch Velour растворимый, 95г",/products/kofe-monarch-velour-rastvorimyy-95g,295,269,"[(259, 'от 1 шт')]","('MONARCH',)"
79,561302,"Кофе Jardin Americano Crema в зернах, 1кг",/products/jardin-americano-crema-1000-g,1409,1249,"[(1189, 'от 1 шт')]","('JARDIN',)"
80,260443,"Кофе Carte Noire Instinct растворимый, 95г",/products/art-260443,439,0,"[(439, 'от 1 шт')]","('CARTENOIRE',)"
81,508637,"Кофе Bushido Red Katana растворимый сублимированный, 100г",/products/art-508637,1029,799,"[(749, 'от 1 шт')]","('BUSHIDO',)"
82,226397,"Кофе Московская кофейня на паяхъ Суаре растворимый сублимированный, 95г",/products/moskovskaya-kofejnya-na-payah-sublimirovannyj-suare-95g,399,269,"[(249, 'от 1 шт')]","('МОСКОВСКАЯКОФЕЙНЯНАПАЯХЪ',)"
83,629014,"Кофе Kimbo Aroma Gold Arabica в зернах, 1кг",/products/kimbo-v-zernah-aroma-gold-arabica-1kg,2629,2199,"[(2099, 'от 1 шт')]","('KIMBO',)"
84,224735,"Кофе Monarch карамель растворимый, 95г",/products/95g-kofe-monarch-karamel-rastvorimyy-st,399,369,"[(349, 'от 1 шт')]","('MONARCH',)"
85,59004,"Кофе Bushido Red Katana молотый, 227г",/products/art-59004,669,469,"[(449, 'от 1 шт')]","('BUSHIDO',)"
86,228781,"Кофе Fresco Liberty в зернах, 900г",/products/900g-kofe-fresco-liberty-zerno,1189,899,"[(899, 'от 1 шт')]","('FRESCO',)"
87,221909,"Кофе в капсулах Lebo Espresso Crema для кофемашин Nespresso 40 шт, 220г",/products/40shth55g-kofe-lebo-espresso-crema-banka,1259,1190,"[(1049, 'от 1 шт')]","('LEBO',)"
88,221904,"Кофе в капсулах Carraro Ristretto для кофемашин Nespresso 10шт, 55г",/products/10shtx55g-kofe-carraro-v-alyum-kapsulah-ristretto,439,369,"[(369, 'от 1 шт')]","('CARRARO',)"
89,72873,"Кофе Egoiste Double Espresso, 100г",/products/egoiste-double-espresso-100g,649,429,"[(399, 'от 1 шт')]","('EGOISTE',)"
90,611606,"Кофе Illy средней обжарки в зернах, 250г",/products/v-zernah-illy-srednej-obzharki-250g,1149,0,"[(1149, 'от 1 шт')]","('ILLY',)"
91,59575,"Кофе Illy Etiopia arabica selection в зернах, 250г",/products/illy-arabika-selekshen-efiopiya-250-g,1149,0,"[(1149, 'от 1 шт')]","('ILLY',)"
92,59570,"Кофе Illy Guatemala arabica selection в зернах, 250г",/products/v-zernah-illy-guatemala-zh-b-250-g,1149,0,"[(1149, 'от 1 шт')]","('ILLY',)"
93,123862,"Кофе Kimbo Caffe Crema Dolce Medium в зернах, 1кг",/products/1kg-kimbo-caffe-crema-dolce-medium,2159,1999,"[(1899, 'от 1 шт')]","('KIMBO',)"
94,44940,"Кофе Dallmayr Espresso d`Oro в зернах, 1кг",/products/art-44940,2359,1889,"[(1799, 'от 1 шт')]","('DALLMAYR',)"
95,218716,"Кофе Poetti Leggenda Oro в зернах, 1кг",/products/1kg-kofe-poetti-leggenda-oro-v-zernah,1669,1399,"[(1389, 'от 1 шт')]","('POETTI',)"
96,226340,"Кофе Lebo Extra в зернах, 1кг",/products/1kg-kofe-lebo-extra-v-zernah,1419,1190,"[(1149, 'от 1 шт')]","('LEBO',)"
97,599512,"Кофе Ambassador Platinum в зернах, 1кг",/products/ambassador-naturalnyj-zharenyj-platinum-1kg,1189,999,"[(999, 'от 1 шт')]","('AMBASSADOR',)"
98,57058,"Напиток кофейный MacCoffee The Original coffee mix 3 в 1 растворимый 100 пакетиков, 2кг",/products/maccoffee-napitok-kofejnyj-porcionnyj-the-original-coffee-mix-3v1-100-20g,1429,1349,"[(1199, 'от 1 шт'), (1139, 'от 10 шт')]","('MACCOFFEE',)"
99,215682,"Кофе Jardin Oro в зернах, 1кг",/products/1kg-kofe-jardin-original-oro-zernovoy,1699,1449,"[(1339, 'от 1 шт')]","('JARDIN',)"
100,531031,"Кофе Alta Roma Intenso в зернах, 1кг",/products/kofe-alta-roma-intenso-v-zernakh-1kg,1339,1269,"[(1249, 'от 1 шт')]","('ALTAROMA',)"
101,376494,"Кофе Kimbo Extra Cream в зернах, 1кг",/products/kimbo-extra-cream-v-zernah-1-kg,1789,1699,"[(1649, 'от 1 шт')]","('KIMBO',)"
102,528358,"Кофе Bushido Black Katana растворимый, 100г",/products/bushido-sublimirovannyj-black-katana-100g,1039,849,"[(799, 'от 1 шт')]","('BUSHIDO',)"
103,235414,"Кофе Miscela D'Oro Espresso Gran Crema в зернах, 1кг",/products/kofe-miscela-doro-espresso-gran-crema-v-zernah-1kg,2649,2499,"[(2449, 'от 1 шт')]","(""MISCELAD'ORO"",)"
104,245277,"Кофе Fresco Espresso Italiano зерновой, 900г",/products/kofe-fresco-espresso-italiano-zernovoy-900g,1049,949,"[(899, 'от 1 шт')]","('FRESCO',)"
105,598959,"Кофе Egoiste Noir растворимый сублимированный, 100г",/products/egoiste-sublimirovannyj-noir-100g,599,469,"[(449, 'от 1 шт')]","('EGOISTE',)"
106,553579,"Кофе Egoiste Espresso натуральный молотый жареный, 250г",/products/art-553579,499,0,"[(449, 'от 1 шт'), (409, 'от 12 шт')]","('EGOISTE',)"
107,637203,"Кофе в капсулах L’or Espresso Lungo Profondo для кофемашин Nespresso 10шт, 52г",/products/l-rsquoor-lungo-profondo-52-g,399,379,"[(349, 'от 1 шт')]","(""L'OR"",)"
108,230305,"Кофе Monarch Original растворимый, 270г",/products/kofe-monarch-original-rastvorimyy-270g,749,699,"[(649, 'от 1 шт')]","('MONARCH',)"
109,238553,"Кофе Monarch Original растворимый (1.8г x 30шт), 54г",/products/kofe-monarch-original-rastvorimyy-18g-x-30sht-54g,439,269,"[(269, 'от 1 шт')]","('MONARCH',)"
110,224739,"Кофе Monarch Milligrano растворимый с добавлением молотого, 120г",/products/120g-kofe-monarch-miligrano-rastv-c-dob-molotogo,399,339,"[(329, 'от 1 шт')]","('MONARCH',)"
111,635596,"Кофе Jardin Bravo Бразилия в зернах, 1кг",/products/jardin-bravo-braziliya-1kg,2389,1399,"[(1339, 'от 1 шт')]","('JARDIN',)"
112,246067,"Кофе Alta Roma Blend №3, 1кг",/products/1kg-kofe-alta-roma-blend-3-zernovoy,1769,1499,"[(1499, 'от 1 шт'), (1299, 'от 6 шт')]","('ALTAROMA',)"
113,223118,"Кофе в капсулах Absolut Drive Latte Macchiato with caramel для кофемашин Dolce Gusto 16шт, 168г",/products/8shth6g8shth15g-kofe-absolut-latte-karamel-kapsuly-dg,469,419,"[(389, 'от 1 шт')]","('ABSOLUT',)"
114,526503,"Кофе Fresco Arabica Doppio молотый в растворимом, 100г",/products/fresco-naturalnyj-s-dobavleniem-naturalnogo-zharenogo-molotogo-arabica-doppio-100g,319,269,"[(269, 'от 1 шт')]","('FRESCO',)"
115,232413,"Кофе Жокей триумф растворимый (2г x 100шт), 200г",/products/100shth2g-kofe-zhokey-triumf-rastvorimyy,699,0,"[(679, 'от 1 шт')]","('ЖОКЕЙ',)"
116,469363,"Кофе Jardin Guatemala Atitlan натуральный растворимый, 95г",/products/jardin-guatemala-atitlan-naturalnyj-95-g,251,229,"[(229, 'от 1 шт'), (203, 'от 24 шт')]","('JARDIN',)"
117,228232,"Кофе Piazza del Caffe Espresso Forte в зернах, 1кг",/products/1kg-kofe-piazza-del-caffe-espresso-forte-zerno,1179,889,"[(889, 'от 1 шт')]","('PIAZZADELCAFFE',)"
118,133724,"Напиток кофейный Nescafe Classic 3в1 20 пакетиков, 290г",/products/20x145g-kofejnyj-napitok-nescafe-3v1-klassik,309,249,"[(259, 'от 1 шт'), (214, 'от 10 шт')]","('NESCAF',)"
119,629008,"Кофе Kimbo Intenso в зернах, 1кг",/products/kimbo-intenso-1kg,1609,1399,"[(1349, 'от 1 шт')]","('KIMBO',)"
120,75973,"Кофе Bushido Specialty молотый, 227г",/products/art-75973,739,599,"[(549, 'от 1 шт')]","('BUSHIDO',)"
121,75962,"Кофе Bushido Specialty в зернах, 227г",/products/bushido-specialty-227g-75962,739,639,"[(549, 'от 1 шт')]","('BUSHIDO',)"
122,44941,"Кофе Dallmayr Crema Prodomo в зернах, 1кг",/products/dallmayr-crema-prodomo-v-zernah-1000-g,2419,1999,"[(1799, 'от 1 шт')]","('DALLMAYR',)"
123,508641,"Кофе Egoiste Noir в зернах, 250г",/products/egoiste-naturalnyj-zharenyj-v-zernah-noir-250g,669,499,"[(449, 'от 1 шт'), (399, 'от 12 шт')]","('EGOISTE',)"
124,530969,"RIOBA Кофе в капсулах Intenso для кофемашин Nespresso 11шт, 55г",/products/rioba-dlya-kofemashin-intenso-11x5g,329,229,"[(229, 'от 1 шт')]","('RIOBA',)"
125,75654,"Кофе Carte Noire Original растворимый сублимированный, 190г",/products/carte-noire-sublimirovannyj-original-190g,999,949,"[(929, 'от 1 шт')]","('CARTENOIRE',)"
126,236657,"Кофе Monarch Original жареный в зернах, 800г",/products/800g-kofe-monarch-original-zharenyy-v-zyornah,1499,1299,"[(899, 'от 1 шт')]","('MONARCH',)"
127,227971,"Кофе Fresco Arabica blend растворимый, 190г",/products/kofe-fresco-arabica-blend-rastvorimyy-190g,529,449,"[(429, 'от 1 шт')]","('FRESCO',)"
128,494570,"Кофе Jardin Colombia Supremo натуральный жареный в зернах, 1кг",/products/jardin-v-zernah-naturalnyj-zharenyj-colombia-supremo-1kg,1809,1449,"[(1449, 'от 1 шт')]","('JARDIN',)"
129,376496,"Кофе Kimbo Superior Blend натуральный жареный в зернах, 1кг",/products/kimbo-v-zernah-naturalnyj-zharenyj-superior-blend-1kg,2099,1899,"[(1849, 'от 1 шт')]","('KIMBO',)"
130,373046,"Кофе Жокей По-восточному молотый натуральный жареный, 250г",/products/art-373046,289,259,"[(249, 'от 1 шт')]","('ЖОКЕЙ',)"
131,238565,"Напиток кофейный Monarch Strong 3в1 растворимый (13г x 50шт), 650г",/products/napitok-kofeynyy-monarch-strong-3v1-rastvorimyy-13g-x-50sht-650g,939,589,"[(579, 'от 1 шт')]","('MONARCH',)"
132,119138,"Кофе в капсулах Jardin Andante Strong&Velvet для кофемашин Nespresso 10шт, 50г",/products/10h5g-jardin-andante,399,279,"[(279, 'от 1 шт')]","('JARDIN',)"
133,119139,"Кофе в капсулах Jardin Ristretto Intense&Full Bodied для кофемашин Nespresso 10шт, 50г",/products/10h5g-jardin-ristretto,399,279,"[(279, 'от 1 шт')]","('JARDIN',)"
134,234392,"Кофе Julius Meinl без кофеина зерновой, 500г",/products/kofe-julius-meinl-bez-kofeina-zernovoy-500g,1779,1699,"[(1699, 'от 1 шт')]","('JULIUSMEINL',)"
135,226333,"Кофе в капсулах Carte Noire Colombia Origin для кофемашин Nespresso 10шт, 52г",/products/10shth52g-kofe-carte-noire-colombia-origin-v-kapsulah,449,379,"[(349, 'от 1 шт')]","('CARTENOIRE',)"
136,226933,"Кофе Carraro Cafe crema в зернах, 1кг",/products/1kg-kofe-carraro-caffe-crema-v-zernah,1759,1599,"[(1549, 'от 1 шт')]","('CARRARO',)"
137,226347,"Кофе Carte Noire Voyage au Bresil растворимый, 90г",/products/90g-kofe-carte-noire-voyage-au-bresil-rastvorimyy-stb,559,479,"[(459, 'от 1 шт')]","('CARTENOIRE',)"
138,226467,"Кофе Alta Roma Caffe Latte молотый, 250г",/products/kofe-alta-roma-caffe-latte-molotiy-250g,293,279,"[(249, 'от 1 шт')]","('ALTAROMA',)"
139,469362,"Кофе Jardin Colombia Medellin натуральный растворимый сублимированный, 95г",/products/jardin-naturalnyj-sublimirovannyj-colombia-medellin-95g,251,229,"[(229, 'от 1 шт'), (203, 'от 24 шт')]","('JARDIN',)"
140,209740,"Кофе Bushido Light Katana растворимый, 100г",/products/100g-kofe-bushido-light-katana-rastvorimyy,1059,799,"[(749, 'от 1 шт')]","('BUSHIDO',)"
141,228811,"Кофе Fort в зернах, 1кг",/products/1kg-kofe-fort-zerno,809,769,"[(749, 'от 1 шт')]","('FORT',)"
142,459852,"Кофе Жокей Триумф растворимый сублимированный, 150г",/products/zhokej-sublimirovannyj-triumf-150g,309,289,"[(249, 'от 1 шт'), (229, 'от 16 шт')]","('ЖОКЕЙ',)"
143,463833,"Кофе Ambassador Platinum растворимый, 190г",/products/ambassador-platinum-190g,479,0,"[(479, 'от 1 шт')]","('AMBASSADOR',)"
144,469367,"Кофе Jardin Kenya Kilimanjaro растворимый, 95г",/products/jardin-kenya-kilimanjaro-95-g,251,229,"[(229, 'от 1 шт'), (203, 'от 24 шт')]","('JARDIN',)"
145,226342,"Кофе Lebo Gold в зернах, 1кг",/products/1kg-kofe-lebo-gold-v-zernah,1789,1499,"[(1399, 'от 1 шт')]","('LEBO',)"
146,130173,"Кофе Egoiste Double Espresso растворимый, 70г",/products/egoiste-double-espresso-70g,329,249,"[(199, 'от 1 шт')]","('EGOISTE',)"
147,604157,"Кофе Nescafe Gold растворимый сублимированный, 500г",/products/nescafe-sublimirovannyj-gold-500g,1399,1099,"[(1099, 'от 1 шт')]","('NESCAF',)"
148,221902,"Кофе в капсулах Carraro Dolci arabica для кофемашин Nespresso 10шт, 55г",/products/10shtx55g-kofe-carraro-v-alyum-kapsulah-dolci-arabica,439,369,"[(369, 'от 1 шт')]","('CARRARO',)"
149,33501,"Кофе Nescafe Gold растворимый, 130г",/products/nescafe-gold-rastvorimyj-130g-paket,419,399,"[(399, 'от 1 шт')]","('NESCAF',)"
150,246066,"Кофе Alta Roma Blend №1, 1кг",/products/1kg-kofe-alta-roma-blend-1-zernovoy,1529,1399,"[(1299, 'от 1 шт'), (1199, 'от 6 шт')]","('ALTAROMA',)"
151,226934,"Кофе Italco Espresso Italiano в зернах, 1кг",/products/1kg-kofe-italco-espresso-italiano-v-zernah,1789,1499,"[(1449, 'от 1 шт')]","('ITALCO',)"
152,223097,"Кофе в капсулах Absolut Drive Espresso Original для кофемашин Dolce Gusto16шт, 96г",/products/16shth6g-kofe-absolut-espresso-kapsuly-dg,469,419,"[(389, 'от 1 шт')]","('ABSOLUT',)"
153,246068,"Кофе Alta Roma Blend №5, 1кг",/products/kofe-alta-roma-blend-5-1kg,1499,1369,"[(1369, 'от 1 шт'), (1199, 'от 6 шт')]","('ALTAROMA',)"
154,218717,"Кофе Poetti Leggenda Espresso в зернах, 1кг",/products/1kg-kofe-poetti-leggenda-espresso-v-zernah,1669,1399,"[(1389, 'от 1 шт')]","('POETTI',)"
155,8486,"RIOBA Кофе в капсулах Dolce Gusto Espresso 16шт, 112г",/products/rioba-dolce-gusto-espresso-16sht,519,399,"[(379, 'от 1 шт')]","('RIOBA',)"
156,228238,"Кофе Jardin Гватемала Атитлан растворимый, 75г",/products/75g-kofe-jardin-gvatemala-atitlan-rastvorimyy,242,189,"[(189, 'от 1 шт')]","('JARDIN',)"
157,221905,"Кофе в капсулах Carraro Decerato для кофемашин Nespresso 10шт, 55г",/products/10shtx55g-kofe-carraro-v-alyum-kapsulah-decerato,439,389,"[(369, 'от 1 шт')]","('CARRARO',)"
158,227974,"Кофе Fresco Arabica solo молотый для чашек и турок, 250г",/products/kofe-fresco-arabica-solo-molotyy-dlya-chashek-i-turok-250g,329,299,"[(279, 'от 1 шт')]","('FRESCO',)"
159,119132,"Кофе Жокей Ирландские сливки молотый, 150г",/products/150g-zhokej-irlandskie-slivki-mol,359,349,"[(349, 'от 1 шт')]","('ЖОКЕЙ',)"
160,228235,"Кофе Jardin Gold растворимый, 190г",/products/190g-kofe-jardin-gold-rastvorimyy-stb,699,449,"[(449, 'от 1 шт')]","('JARDIN',)"
161,384608,"Кофе Julius Meinl Юбилейный в зернах, 500г",/products/julius-meinl-v-zernah-naturalnyj-zharenyj-jubileum-500g,799,0,"[(749, 'от 1 шт')]","('JULIUSMEINL',)"
162,228231,"Кофе Piazza del Caffe Crema Vellutata в зернах, 1кг",/products/1kg-kofe-piazza-del-caffe-crema-vellutata-zerno,1239,999,"[(999, 'от 1 шт')]","('PIAZZADELCAFFE',)"
163,459849,"Кофе Jardin Colombia Medelin растворимый сублимированный, 150г",/products/jardin-sublimirovannyj-colombia-medelin-150g,549,0,"[(499, 'от 1 шт')]","('JARDIN',)"
164,241736,"Кофе Coffesso Allure зерновой, 1кг",/products/1kg-kofe-coffesso-allure-zerno,1429,1199,"[(1149, 'от 1 шт')]","('COFFESSO',)"
165,218711,"Кофе Poetti Leggenda Original в зернах, 250г",/products/250g-kofe-poetti-leggenda-original-v-zernah,429,399,"[(379, 'от 1 шт')]","('POETTI',)"
166,228778,"Кофе Fresco Horeca arabica в зернах, 1кг",/products/1kg-kofe-fresco-horeca-arabica-zerno,1419,1099,"[(1099, 'от 1 шт')]","('FRESCO',)"
167,590985,"Кофе Egoiste Very Special растворимый сублимированный, 100г",/products/egoiste-sublimirovannyj-very-special-100g,899,749,"[(749, 'от 1 шт')]","('EGOISTE',)"
168,456926,"Кофе Dallmayr Crema d'Oro натуральный жареный в зернах, 1кг",/products/dallmayr-v-zernah-naturalnyj-zharenyj-crema-d-039oro-1kg,2299,2199,"[(2199, 'от 1 шт')]","('DALLMAYR',)"
169,208702,"Кофе Lavazza Expert Crema-Aroma в зернах, 1кг",/products/1kg-kofe-lavazza-expert-cremaaroma-v-zernah,2299,0,"[(2099, 'от 1 шт')]","('LAVAZZA',)"
170,246069,"Кофе Alta Roma Rwanda зерновой, 1кг",/products/1kg-kofe-alta-roma-rwanda-zernovoy,2349,2199,"[(1999, 'от 1 шт'), (1849, 'от 6 шт')]","('ALTAROMA',)"
171,220012,"Кофе Julius Meinl Espresso Deluxe в зернах, 1кг",/products/1kg-kofe-julius-meinl-espresso-deluxe-zerno,2379,1999,"[(1999, 'от 1 шт')]","('JULIUSMEINL',)"
172,637205,"Кофе в капсулах L’or Espresso Splendente для кофемашин Nespresso 10шт, 52г",/products/lor-espresso-52-g,399,379,"[(349, 'от 1 шт')]","(""L'OR"",)"
173,32458,"Кофе Lavazza Qualita Rossa молотый, 250г",/products/lavazza-rossa-250g,549,0,"[(549, 'от 1 шт')]","('LAVAZZA',)"
174,241838,"Кофе в капсулах Tassimo L'or Intense XL для кофемашин Tassimo 16шт, 136г",/products/16shth85g-kofe-tassimo-lor-xl-intense-kapsuly,769,599,"[(549, 'от 1 шт')]","('TASSIMO',)"
175,32457,"Кофе Lavazza Espresso Italiano Classico молотый, 250г",/products/lavazza-naturalnyj-zharenyj-espresso-250g,729,679,"[(649, 'от 1 шт')]","('LAVAZZA',)"
176,230024,"Кофе Illy без кофеина в зернах, 250г",/products/kofe-illy-bez-kofeina-zernovoy-250g,1369,1149,"[(1099, 'от 1 шт')]","('ILLY',)"
177,228421,"Кофе Verle Decaf в дрип-пакетах 6шт, 66г",/products/6shth11g-kofe-verle-decaf-v-drip-paketah,429,0,"[(429, 'от 1 шт')]","('VERLE',)"
178,433965,"Кофе Nescafe Gold растворимый, 190г",/products/nescafe-gold-190g,699,599,"[(499, 'от 1 шт')]","('NESCAF',)"
179,241735,"Кофе Coffesso Crema зерновой, 1кг",/products/1kg-kofe-coffesso-crema-zerno,1239,1039,"[(999, 'от 1 шт')]","('COFFESSO',)"
180,133725,"Напиток кофейный Nescafe Strong 3в1 20 пакетиков, 290г",/products/20x145g-kofejnyj-napitok-nescafe-3v1-krepkij,309,249,"[(259, 'от 1 шт'), (214, 'от 10 шт')]","('NESCAF',)"
181,229954,"Кофе Nescafe Classic растворимый порошкообразный с добавлением натурального жареного молотого кофе, 750г",/products/750g-kofe-nescafe-classic-rastvorimyy,1709,1049,"[(1049, 'от 1 шт')]","('NESCAF',)"
182,227302,"Кофе Черная Карта молотый для турки, 250г",/products/250-kofe-chernaya-karta-molotyy-dlya-turki,237,199,"[(195, 'от 1 шт')]","('ЧЕРНАЯКАРТА',)"
183,226466,"Кофе Alta Roma Caffe Latte в зернах, 1кг",/products/kofe-alta-roma-caffe-latte-v-zernakh-1kg,1059,989,"[(949, 'от 1 шт')]","('ALTAROMA',)"
184,241741,"Кофе Coffesso Colombia Tinto молотый (10г x 5шт), 50г",/products/5shth10g-kofe-coffesso-colombia-tinto-molotyy-drip-paket,213,199,"[(189, 'от 1 шт')]","('COFFESSO',)"
185,238899,"Кофе Jardin Mocaccino 3в1 (18г x 8шт), 144г",/products/8shth18g-kofe-jardin-mokachino-3v1,289,199,"[(199, 'от 1 шт')]","('JARDIN',)"
186,107074,"Кофе Carraro Primo Mattino в зернах, 1кг",/products/v-zernah-carraro-primo-mattino-1-kg,1789,1599,"[(1599, 'от 1 шт')]","('CARRARO',)"
187,505974,"Кофе Черная Карта в зернах, 1кг",/products/chernaya-karta-paketirovannyj-1kg,1049,949,"[(899, 'от 1 шт')]","('ЧЕРНАЯКАРТА',)"
188,226335,"Кофе в капсулах Carte Noire Lungo Profond для кофемашин Nespresso 10шт, 52г",/products/10shth52g-kofe-carte-noire-lungo-profond-v-kapsulah,449,379,"[(349, 'от 1 шт')]","('CARTENOIRE',)"
189,533474,"Кофе Jardin Espresso di Milano натуральный молотый жареный, 250г",/products/jardin-naturalnyj-zharenyj-espresso-di-milano-250g,469,429,"[(429, 'от 1 шт')]","('JARDIN',)"
190,119135,"Кофе в капсулах Jardin Allonge Smooth&Silky для кофемашин Nespresso 10шт, 50г",/products/10h5g-jardin-allonge,399,279,"[(279, 'от 1 шт')]","('JARDIN',)"
191,101496,"Кофе Jardin Dessert Capuccino в зернах, 1кг",/products/jardin-dessert-capuccino-1000g,1689,1249,"[(1199, 'от 1 шт')]","('JARDIN',)"
192,629006,"Кофе Kimbo Espresso в зернах, 1кг",/products/kimbo-espresso-v-zernah-1-kg,1999,1899,"[(1749, 'от 1 шт')]","('KIMBO',)"
193,407891,"Кофе Egoiste Special растворимый сублимированный с молотым, 100г",/products/egoiste-sublimirovannnyj-s-molotym-special-100g,899,799,"[(729, 'от 1 шт')]","('EGOISTE',)"
194,219223,"Кофе Coferium Strong в зернах, 1кг",/products/1kg-kofe-coferium-strong-v-zernah,979,929,"[(899, 'от 1 шт')]","('COFERIUM',)"
195,231689,"Кофе Torabika Creamy Latte растворимый (30г x 20шт), 600г",/products/20shtx30g-kofe-torabica-creamy-latte-rastvorimyy,379,339,"[(319, 'от 1 шт')]","('TORABIKA',)"
196,241738,"Кофе Coffesso Ethiopia Origin молотый (10г x 5шт), 50г",/products/5shth10g-kofe-coffesso-ethiopia-origin-molotyy-drip-paket,213,199,"[(189, 'от 1 шт')]","('COFFESSO',)"
197,107073,"Кофе Carraro Crema Italiano в зернах, 1кг",/products/v-zernah-caffe-carraro-crema-italiano-1-kg,1769,1599,"[(1599, 'от 1 шт')]","('CARRARO',)"
198,206309,"Кофе Origo Professional Star эспрессо в зернах, 1кг",/products/1kg-kofe-origo-professional-star-espresso-zerno,2199,0,"[(1849, 'от 1 шт')]","('ORIGO',)"
199,231690,"Кофе Torabika Brown растворимый (25г x 20шт), 500г",/products/20shtx25g-kofe-torabica-braun-rastvorimyy,293,279,"[(269, 'от 1 шт')]","('TORABIKA',)"
200,230296,"Кофе Monarch Gold растворимый, 190г",/products/kofe-monarch-gold-rastvorimyy-190g,709,599,"[(549, 'от 1 шт')]","('MONARCH',)"
201,228419,"Кофе Verle Central America в дрип-пакетах 6шт, 66г",/products/6shth11g-kofe-verle-central-america-v-drip-paketah,399,0,"[(399, 'от 1 шт')]","('VERLE',)"
202,124058,"Кофе Nescafe Classic растворимый, 320г",/products/320g-nescafe-classic-paket,569,499,"[(489, 'от 1 шт')]","('NESCAF',)"
203,654817,"Кофе Julius Meinl Trend Collection Espresso Classico в зернах, 1кг",/products/julius-meinl-espresso-trend-1kg,1679,1499,"[(1499, 'от 1 шт')]","('JULIUSMEINL',)"
204,8415,"Кофе Nescafe Gold растворимый, 190г",/products/nescafe-sublimirovannyj-gold-190g,799,539,"[(549, 'от 1 шт')]","('NESCAF',)"
205,226521,"Напиток кофейный MacCoffee 3в1 со сгущенным молоком порционный (20г x 10шт), 200г",/products/10shth20g-kofe-maccoffee-3v1-sguschennoe-moloko-portsionnyy,136,129,"[(129, 'от 1 шт')]","('MACCOFFEE',)"
206,637206,"Кофе в капсулах L’or Espresso Delizioso для кофемашин Nespresso 10шт, 52г",/products/lor-espresso-delizioso-52-g,399,379,"[(349, 'от 1 шт')]","(""L'OR"",)"
207,223096,"Кофе в капсулах Absolut Drive Americano Original для кофемашин Dolce Gusto 16шт, 128г",/products/16shth8g-kofe-absolut-amerikano-kapsuly-dg,469,399,"[(389, 'от 1 шт')]","('ABSOLUT',)"
208,43053,"Кофе Lavazza Qualita Oro молотый, 250г",/products/lavazza-naturalnyj-zharenyj-oro-250g-43053,749,0,"[(729, 'от 1 шт')]","('LAVAZZA',)"
209,666412,"Кофе Carte Noire Privilege сублимированный, 95г",/products/carte-noire-privilege-sublimirovannyj-95-g,499,459,"[(459, 'от 1 шт')]","('CARTENOIRE',)"
210,636530,"Кофе Egoiste Espresso в зернах, 250г",/products/egoiste-espresso-250g,639,499,"[(449, 'от 1 шт')]","('EGOISTE',)"
211,226348,"Кофе Carte Noire Elegant растворимый, 95г",/products/95g-kofe-carte-noire-elegant-rastvorimyy-stb,559,479,"[(459, 'от 1 шт')]","('CARTENOIRE',)"
212,655858,"Кофе Jacobs Espresso жареный в зернах, 1кг",/products/jacobs-espresso-zernovoj-1kg,1409,1199,"[(1199, 'от 1 шт')]","('JACOBS',)"
213,633254,"Кофе Jardin Эспрессо ди Милано в зернах, 1кг",/products/jardin-v-zernah-naturalnyj-zharenyj-espresso-di-milano-1kg,1409,1249,"[(1199, 'от 1 шт')]","('JARDIN',)"
214,219222,"Кофе Coferium White roast в зернах, 1кг",/products/1kg-kofe-coferium-white-roast-v-zernah,1469,1199,"[(1149, 'от 1 шт')]","('COFERIUM',)"
215,240200,"Кофе Monarch Crema натуральный жареный в зернах, 1кг",/products/1kg-kofe-monarch-crema-zharenyy-v-zyornah,1909,1399,"[(1399, 'от 1 шт')]","('MONARCH',)"
216,236646,"Кофе Monarch Original жареный в зернах, 230г",/products/230g-kofe-monarch-original-zharenyy-v-zyornah,469,349,"[(349, 'от 1 шт')]","('MONARCH',)"
217,224738,"Кофе Monarch Original растворимый, 47.5г",/products/475g-kofe-monarch-original-rastvorimyy-st,237,179,"[(169, 'от 1 шт')]","('MONARCH',)"
218,238552,"Кофе Monarch Original растворимый, 75г",/products/kofe-monarch-original-rastvorimyy-75g,279,239,"[(229, 'от 1 шт'), (192, 'от 6 шт')]","('MONARCH',)"
219,228420,"Кофе Verle Africa в дрип-пакетах 6шт, 66г",/products/6shth11g-kofe-verle-africa-v-drip-paketah,439,399,"[(399, 'от 1 шт')]","('VERLE',)"
220,112991,"Кофе Carraro Qualita Oro в зернах, 500г",/products/v-zernah-carraro-qualita-oro-500-g,1229,1149,"[(1149, 'от 1 шт')]","('CARRARO',)"
221,241733,"Кофе Coffesso Massimo зерновой, 1кг",/products/1kg-kofe-coffesso-massimo-zerno,1579,1319,"[(1299, 'от 1 шт')]","('COFFESSO',)"
222,119137,"Кофе в капсулах Jardin Vivo Mild&Fruity для кофемашин Nespresso 10шт, 50г",/products/10h5g-jardin-vivo,399,279,"[(279, 'от 1 шт')]","('JARDIN',)"
223,201556,"Кофе Carte Noire Intense Absolu в зернах, 800г",/products/800g-kofe-carte-noire-intense-absolu-zernovoy,1329,1199,"[(1189, 'от 1 шт')]","('CARTENOIRE',)"
224,226339,"Кофе Lebo Принц Лебо молотый для турки, 100г",/products/100g-kofe-lebo-prints-lebo-molotyy-dturki,130,119,"[(105, 'от 1 шт')]","('LEBO',)"
225,209743,"Кофе Egoiste Private растворимый, 100г",/products/100g-kofe-egoiste-private-rastvorimyy,1099,799,"[(799, 'от 1 шт')]","('EGOISTE',)"
226,634928,"Кофе Черная Карта в зернах, 250г",/products/250g-kofe-chernaya-karta-zerno,295,249,"[(229, 'от 1 шт'), (190, 'от 6 шт')]","('ЧЕРНАЯКАРТА',)"
227,415027,"Кофе Nescafe Gold растворимый, 95г",/products/nescafe-gold-steklo-95g-415027,319,299,"[(299, 'от 1 шт'), (259, 'от 6 шт')]","('NESCAF',)"
228,226344,"Кофе в капсулах Lebo Americano для кофемашин Dolce Gusto 16шт, 136г",/products/16shth85g-kofe-lebo-americano-v-kapsulah,689,629,"[(549, 'от 1 шт')]","('LEBO',)"
229,70210,"Кофе Nescafe Classic растворимый, 95г",/products/nescafe-classic-naturalnyj-st-b-95g,239,219,"[(219, 'от 1 шт')]","('NESCAF',)"
230,238558,"Кофе Monarch Miligrano растворимый с молотым, 70г",/products/kofe-monarch-miligrano-rastvorimyy-s-molotym-70g,389,249,"[(229, 'от 1 шт')]","('MONARCH',)"
231,551849,"Кофе Nescafe Classic Crema растворимый, 95г",/products/nescafe-classic-crema-95-g,239,219,"[(219, 'от 1 шт')]","('NESCAF',)"
232,221910,"Кофе в капсулах Lebo Espresso Italiano для кофемашин Nespresso 40шт, 220г",/products/40shth55g-kofe-lebo-espresso-italiano-banka,1259,1190,"[(1099, 'от 1 шт')]","('LEBO',)"
233,219193,"Кофе Coferium Gold selection в зернах, 1кг",/products/1kg-kofe-coferium-gold-selection-v-zernah,1319,1190,"[(1149, 'от 1 шт')]","('COFERIUM',)"
234,221911,"Кофе в капсулах Lebo Espresso Milky для кофемашин Nespresso 40шт, 220г",/products/40shth55g-kofe-lebo-espresso-milky-banka,1259,1190,"[(1099, 'от 1 шт')]","('LEBO',)"
235,611603,"Кофе Illy темная обжарка молотый, 250г",/products/illy-temnaya-obzharka-250g,1149,0,"[(1149, 'от 1 шт')]","('ILLY',)"
236,230293,"Кофе Monarch Day&Night декофеинизированный растворимый, 95г",/products/kofe-monarch-daynight-dekofeinizirovannyy-rastvorimyy-95g,409,369,"[(349, 'от 1 шт')]","('MONARCH',)"
237,423210,"Кофе Fresco Arabica Blend натуральный растворимый, 100г",/products/fresco-naturalnyj-arabica-blend-100g,319,269,"[(269, 'от 1 шт')]","('FRESCO',)"
238,228441,"Кофе в капсулах Verle Classic Decaf для кофемашин Nespresso 10шт, 55г",/products/kofe-verle-classic-decaf-v-kapsulah-55g-x-10sht-55g,389,379,"[(379, 'от 1 шт')]","('VERLE',)"
239,528357,"Кофе Egoiste Platinum, 100г",/products/egoiste-platinum-100-g,1099,799,"[(749, 'от 1 шт')]","('EGOISTE',)"
240,59000,"Кофе Egoiste Velvet растворимый, 95г",/products/egoiste-velvet-95g,1099,829,"[(799, 'от 1 шт')]","('EGOISTE',)"
241,241837,"Кофе в капсулах Tassimo L'or Classique XL для кофемашин Tassimo 16шт, 136г",/products/16shth85g-kofe-tassimo-lor-xl-classique-kapsuly,769,599,"[(549, 'от 1 шт')]","('TASSIMO',)"
242,241842,"Кофе в капсулах Coffesso Latte Macchiato для кофемашин Dolce Gusto 16шт, 172г",/products/8shth55g8shth16g-kofe-coffesso-latte-macchiato-kapsuly,549,459,"[(459, 'от 1 шт')]","('COFFESSO',)"
243,241739,"Кофе Coffesso Brazil Alto молотый (10г x 5шт), 50г",/products/5shth10g-kofe-coffesso-brazil-alto-molotyy-drip-paket,237,199,"[(189, 'от 1 шт')]","('COFFESSO',)"
244,100815,"Кофе в капсулах Julius Meinl Espresso Crema Bio для кофемашин Nespresso 10шт, 56г",/products/julius-meinl-espresso-krema-10sht,569,449,"[(449, 'от 1 шт')]","('JULIUSMEINL',)"
245,636529,"Кофе Egoiste Velvet в зернах, 200г",/products/egoiste-velvet-200-g,679,429,"[(429, 'от 1 шт')]","('EGOISTE',)"
246,229159,"Кофе Tchibo Gold selection растворимый, 95г",/products/95g-kofe-tchibo-gold-selection-rastvorimyy-stb,329,289,"[(269, 'от 1 шт')]","('TCHIBO',)"
247,125674,"Кофе Lebo Classic молотый для турки, 100г",/products/100g-lebo-classic-dlya-turki,130,109,"[(105, 'от 1 шт'), (92, 'от 6 шт')]","('LEBOCLASSIC',)"
248,615407,"Кофе Jardin Americano Crema натуральный жареный молотый, 250г",/products/jardin-almericano-crema-naturalnyj-zharenyj-250g,489,0,"[(489, 'от 1 шт')]","('JARDIN',)"
249,230304,"Кофе Monarch Milligrano растворимый с молотым, 90г",/products/kofe-monarch-milligrano-rastvorimyy-s-molotym-90g,339,299,"[(279, 'от 1 шт')]","('MONARCH',)"
250,59006,"Кофе Egoiste Noir растворимый, 70г",/products/egoiste-noir-70g,399,309,"[(299, 'от 1 шт')]","('EGOISTE',)"
251,534998,"Кофе Жокей Империал натуральный растворимый сублимированный, 150г",/products/zhokej-imperial-150g,299,289,"[(289, 'от 1 шт'), (229, 'от 16 шт')]","('ЖОКЕЙ',)"
252,238884,"Кофе Jardin Капучино 3в1 (18г x 8шт), 144г",/products/8shth18g-kofe-jardin-kapuchino-3v1,269,199,"[(199, 'от 1 шт')]","('JARDIN',)"
253,469154,"Кофе Черная Карта Brasilia Exclusive растворимый сублимированный, 95г",/products/chernaya-karta-sublimirovannyj-brasilia-exclusive-95g,283,269,"[(249, 'от 1 шт')]","('ЧЕРНАЯКАРТА',)"
254,229730,"Кофе Monarch Original растворимый, 130г",/products/kofe-monarch-original-rastvorimyy-130g,609,449,"[(399, 'от 1 шт'), (327, 'от 9 шт')]","('MONARCH',)"
255,59005,"Кофе Bushido Red Katana в зернах, 227г",/products/art-59005,679,469,"[(449, 'от 1 шт')]","('BUSHIDO',)"
256,228236,"Кофе Jardin Gold растворимый, 95г",/products/95g-kofe-jardin-gold-rastvorimyy-stb,329,249,"[(249, 'от 1 шт')]","('JARDIN',)"
257,632162,"aro Кофе 3в1 классик (100 пакетиков x 16г), 1.6кг",/products/aro-3v1-klassik-100h16g,699,0,"[(599, 'от 1 шт')]","('ARO',)"
258,214904,"Кофе Fresco Arabica Blend в зернах, 200г",/products/200g-kofe-fresco-arabica-blend-zerno,359,339,"[(339, 'от 1 шт')]","('FRESCO',)"
259,228436,"Кофе в капсулах Verle Classic Solid для кофемашин Nespresso 10шт, 55г",/products/kofe-verle-classic-solid-v-kapsulah-55g-x-10sht-55g,359,349,"[(349, 'от 1 шт')]","('VERLE',)"
260,217498,"Кофе Черная Карта молотый жареный, 250г",/products/250g-kofe-chernaya-karta-molotyy-zharenyy,251,239,"[(219, 'от 1 шт'), (181, 'от 6 шт')]","('ЧЕРНАЯКАРТА',)"
261,226338,"Напиток кофейный Carte Noire Vanilla latte растворимый 20 пакетиков, 320г",/products/20shth16g-nap-kofeynyy-carte-noire-vanilla-latte-rastv-ports,639,499,"[(449, 'от 1 шт')]","('CARTENOIRE',)"
262,226345,"Кофе в капсулах Lebo Cappuccino для кофемашин Dolce Gusto 16шт, 172г",/products/8shth65g8shth15g-kofe-lebo-cappuccino-v-kapsulah,689,599,"[(549, 'от 1 шт')]","('LEBO',)"
263,226509,"Кофе MacCoffee Arabica растворимый, 100г",/products/100g-kofe-maccoffee-arabica-rastvorimyy-stb,297,249,"[(229, 'от 1 шт')]","('MACCOFFEE',)"
264,125675,"Кофе Lebo Classic Extra молотый для турки, 100г",/products/100g-lebo-extra-dlya-turki,136,129,"[(119, 'от 1 шт'), (94, 'от 6 шт')]","('LEBOCLASSIC',)"
265,228230,"Кофе Jardin Original Oro молотый, 250г",/products/250g-kofe-jardin-original-oro-molotyy,589,559,"[(559, 'от 1 шт')]","('JARDIN',)"
266,230298,"Кофе Monarch Brazilian Selection растворимый, 180г",/products/kofe-monarch-brazilian-selection-rastvorimyy-180g,709,599,"[(589, 'от 1 шт')]","('MONARCH',)"
267,373043,"Кофе Jardin Dessert Сup молотый натуральный жареный, 250г",/products/jardin-naturalnyj-zharenyj-dessert-sup-250g,549,0,"[(549, 'от 1 шт')]","('JARDIN',)"
268,226346,"Кофе в капсулах Lebo Latte macchiato для кофемашин Dolce Gusto 16шт, 172г",/products/8shth65g8shth15g-kofe-lebo-latte-macchiato-v-kapsulah,689,599,"[(549, 'от 1 шт')]","('LEBO',)"
269,238895,"Кофе Jardin Латте 3в1 (18г x 8шт), 144г",/products/8shth18g-kofe-jardin-latte-3v1,287,199,"[(199, 'от 1 шт')]","('JARDIN',)"
270,234805,"Кофе Жокей классический 3в1 растворимый (12г x 50шт), 600г",/products/kofe-zhokey-klassicheskiy-3v1-rastvorimyy-12g-x-50sht-600g,529,449,"[(429, 'от 1 шт')]","('ЖОКЕЙ',)"
271,99542,"Кофе Nescafe Gold Aroma Intenso растворимый, 85г",/products/kofe-nescafe-gold-aroma-intens-rastvorimyj-poroshkoobraznyj-85-g,499,299,"[(289, 'от 1 шт')]","('NESCAF',)"
272,223100,"Кофе в капсулах Absolut Drive Cappuccino with milk для кофемашин Dolce Gusto 16шт, 184г",/products/8shth6g8shth17g-kofe-absolut-kapuchino-kapsuly-dg,469,419,"[(389, 'от 1 шт')]","('ABSOLUT',)"
273,232899,"Кофе D'Arte Light растворимый, 100г",/products/100g-kofe-darte-light-rastvorimyy,469,399,"[(389, 'от 1 шт')]","(""D'ARTE"",)"
274,229162,"Кофе Tchibo Gold selection растворимый, 150г",/products/150g-kofe-tchibo-gold-selection-rastvorimyy,449,399,"[(359, 'от 1 шт')]","('TCHIBO',)"
275,228242,"Кофе Жокей Gold растворимый, 95г",/products/95g-kofe-zhokey-gold-rastvorimyy-stb,319,229,"[(229, 'от 1 шт')]","('ЖОКЕЙ',)"
276,218638,"Кофе Nescafe Classic растворимый, 190г",/products/190g-kofe-nescafe-classic-rastvorimyy-stekl-banka,419,349,"[(349, 'от 1 шт')]","('NESCAF',)"
277,228241,"Кофе Жокей Триумф растворимый, 75г",/products/75g-kofe-zhokey-triumf-rastvorimyy,207,149,"[(149, 'от 1 шт')]","('ЖОКЕЙ',)"
278,231667,"Кофе Monarch Brazilian Selection молотый, 230г",/products/230g-kofe-monarch-brazilian-selection-molotyy,389,349,"[(319, 'от 1 шт')]","('MONARCH',)"
279,637202,"Кофе в капсулах L’or Espresso Ristretto для кофемашин Nespresso 10шт, 52г",/products/l-rsquoor-ristretto-52-g,399,379,"[(349, 'от 1 шт')]","(""L'OR"",)"
280,228440,"Кофе в капсулах Verle Classic Mousse для кофемашин Nespresso 10шт, 55г",/products/kofe-verle-classic-mousse-v-kapsulah-55g-x-10sht-55g,359,349,"[(349, 'от 1 шт')]","('VERLE',)"
281,495117,"Кофе Nescafe Gold Barista растворимый, 85г",/products/nescafe-gold-v-rastvorimom-barista-85g,359,339,"[(329, 'от 1 шт')]","('NESCAF',)"
282,373045,"Кофе Жокей классический молотый натуральный жареный, 250г",/products/zhokej-naturalnyj-zharenyj-klassicheskij-250g,359,0,"[(359, 'от 1 шт')]","('ЖОКЕЙ',)"
283,230301,"Кофе Monarch Crema растворимый, 95г",/products/kofe-monarch-crema-rastvorimyy-95g,399,349,"[(349, 'от 1 шт')]","('MONARCH',)"
284,226524,"Напиток кофейный MacCoffee Capuccino Dolce Vita порционный (24г x 20шт), 480г",/products/20shth24g-kofe-maccoffee-cappuccino-dolce-vita-portsionnyy,369,299,"[(299, 'от 1 шт')]","('MACCOFFEE',)"
285,240385,"Кофе в капсулах Monarch Espresso 7 Classico для кофемашин Nespresso 10шт, 52г",/products/10shth52g-kofe-monarch-espresso-7-classico-molotyy-kapsuly,369,299,"[(299, 'от 1 шт')]","('MONARCH',)"
286,228243,"Кофе Жокей Imperial растворимый, 75г",/products/75g-kofe-zhokey-imper-rastvorimyy,216,159,"[(159, 'от 1 шт')]","('ЖОКЕЙ',)"
287,224734,"Кофе Monarch Original жареный молотый, 230г",/products/230g-kofe-monarch-original-zharenyy-molotyy,369,299,"[(299, 'от 1 шт')]","('MONARCH',)"
288,228239,"Кофе Jardin Колумбия Меделлин растворимый, 75г",/products/75g-kofe-jardin-kolumbiya-medellin-rastvorimyy,276,189,"[(189, 'от 1 шт')]","('JARDIN',)"
289,238894,"Кофе Jardin Американо 3в1 (15г x 8шт), 120г",/products/8shth15g-kofe-jardin-amerikano-3v1,289,209,"[(209, 'от 1 шт')]","('JARDIN',)"
290,228237,"Кофе Jardin Kenya Kilimanjaro растворимый, 75г",/products/75g-kofe-jardin-keniya-kilimandzharo-rastvorimyy,236,189,"[(189, 'от 1 шт')]","('JARDIN',)"
291,599055,"Кофе Жокей Импер растворимый, 95г",/products/art-599055,259,229,"[(229, 'от 1 шт')]","('ЖОКЕЙ',)"
292,420359,"Кофе Жокей Триумф растворимый сублимированный, 95г",/products/zhokej-triumf-95g,293,229,"[(229, 'от 1 шт')]","('ЖОКЕЙ',)"
293,50642,"Кофе Жокей Caffe Italiano молотый, 250г",/products/art-50642,369,0,"[(359, 'от 1 шт')]","('ЖОКЕЙ',)"
294,220013,"Кофе Julius Meinl Cafe Crema Gourmet в зернах, 1кг",/products/1kg-kofe-julius-meinl-cafe-crema-gourmet-zerno,1859,1499,"[(1499, 'от 1 шт')]","('JULIUSMEINL',)"
295,228234,"Кофе Jardin Gold растворимый, 240г",/products/240g-kofe-jardin-gold-rastvorimyy,799,0,"[(749, 'от 1 шт')]","('JARDIN',)"
296,112990,"Кофе Carraro Arabica 100% в зернах, 500г",/products/v-zernah-carraro-arabica-100-500-g,1539,1349,"[(1249, 'от 1 шт')]","('CARRARO',)"
297,119134,"Кофе Jardin Columbia Supremo молотый, 250г",/products/250g-jardin-kolumbiya-supremo-mol,669,649,"[(649, 'от 1 шт')]","('JARDIN',)"
298,119130,"Кофе Жокей Классический молотый, 450г",/products/450g-zhokej-klassicheskij-mol,739,449,"[(449, 'от 1 шт')]","('ЖОКЕЙ',)"
299,246091,"Кофе Живой кофе мокка молотый, 200г",/products/kofe-zhivoy-kofe-mokka-molotyy-200g,419,299,"[(389, 'от 1 шт'), (329, 'от 3 шт')]","('ЖИВОЙКОФЕ',)"
300,228244,"Кофе Жокей Фаворит растворимый, 95г",/products/95g-kofe-zhokey-favorit-rastvorimyy-stb,263,189,"[(189, 'от 1 шт')]","('ЖОКЕЙ',)"
301,240370,"Кофе в капсулах Monarch Espresso 10 Intenso для кофемашин Nespresso 10шт, 52г",/products/10shth52g-kofe-monarch-espresso-10-intenso-molotyy-kapsuly,339,299,"[(299, 'от 1 шт')]","('MONARCH',)"
302,235419,"Кофе Miscela D'Oro Espresso Intenso в зернах, 1кг",/products/kofe-miscela-doro-espresso-intenso-v-zernah-1kg,1839,1599,"[(1199, 'от 1 шт')]","(""MISCELAD'ORO"",)"
303,232417,"Кофе Jardin Colombia Medellin растворимый, 240г",/products/240g-kofe-jardin-colombia-medellin-rastvorimyy,929,549,"[(549, 'от 1 шт')]","('JARDIN',)"
304,220015,"Кофе Julius Meinl Espresso Gran Aroma в зернах, 1кг",/products/1kg-kofe-julius-meinl-espresso-gran-aroma-zerno,1859,1499,"[(1499, 'от 1 шт')]","('JULIUSMEINL',)"
305,240369,"Кофе в капсулах Monarch Lungo 8 Intenso для кофемашин Nespresso 10шт, 52г",/products/10shth52g-kofe-monarch-lungo-8-intenso-molotyy-kapsuly,369,299,"[(299, 'от 1 шт')]","('MONARCH',)"
306,18346,"Кофе Carte Noire Instinct растворимый, 95г x 6 шт",/products/art-18346,2634,0,"[(2334, 'от 1 уп')]","('CARTENOIRE',)"
307,611605,"Кофе Illy средней обжарки молотый, 250г",/products/illy-srednej-obzharki-250g,1149,0,"[(1149, 'от 1 шт')]","('ILLY',)"
308,243173,"RIOBA Кофе в капсулах Dolce Gusto Grande Intenso 16шт, 112г х 3 шт",/products/rioba-kofe-v-kapsulah-dolce-gusto-grande-intenso-16sht-112g-h-3-sht,1587,0,"[(1587, 'от 1 уп')]","('DolceGusto',)"
309,227973,"Кофе Fresco Arabica blend молотый, 250г",/products/kofe-fresco-arabica-blend-molotyy-250g,339,299,"[(279, 'от 1 шт')]","('FRESCO',)"
310,133726,"Напиток кофейный Nescafe Mild 3в1 20 пакетиков, 290г",/products/20x145g-kofejnyj-napitok-nescafe-3v1-myagkij,309,249,"[(259, 'от 1 шт'), (214, 'от 10 шт')]","('NESCAF',)"
311,231688,"Кофе Torabika Cappucсino растворимый (25.5г x 20шт), 510г",/products/20shtx255g-kofe-torabica-kapuchino-rastvorimyy,349,329,"[(319, 'от 1 шт')]","('TORABIKA',)"
312,231666,"Кофе Monarch Brazilian Selection в зернах, 800г",/products/800g-kofe-monarch-brazilian-selection-zerno,1159,1090,"[(959, 'от 1 шт')]","('MONARCH',)"
313,243445,"Кофе L’or Crema Absolu Classique в зернах, 1кг",/products/kofe-lor-crema-absolu-classique-v-zernah-1kg,2029,1689,"[(1689, 'от 1 шт')]","(""L'OR"",)"
314,60434,"Кофе Kimbo Integrity Bio в зернах, 1кг",/products/kimbo-integrity-bio-1-kg,2699,0,"[(2449, 'от 1 шт')]","('KIMBO',)"
315,243175,"RIOBA Кофе в капсулах Dolce Gusto Latte Macciato 8 порций 16 капсул, 192г х 3 шт",/products/rioba-kofe-v-kapsulah-dolce-gusto-latte-macciato-8-portsiy-16-kapsul-192g-h-3-sht,1587,0,"[(1587, 'от 1 уп')]","('DolceGusto',)"
316,224846,"Кофе MacCoffee Capuccino Di torino растворимый (25.5г x 20шт), 510г",/products/20shtx255g-kofe-maccoffee-cappuccino-di-torino-rastv,449,349,"[(349, 'от 1 шт')]","('MACCOFFEE',)"
317,243165,"RIOBA Кофе в капсулах Dolce Gusto Americano 16шт, 112г х 3 шт",/products/rioba-kofe-v-kapsulah-dolce-gusto-americano-16sht-112g-h-3-sht,1587,0,"[(1587, 'от 1 уп')]","('DolceGusto',)"
318,243172,"RIOBA Кофе в капсулах Dolce Gusto Espresso 16шт, 112г х 3 шт",/products/rioba-kofe-v-kapsulah-dolce-gusto-espresso-16sht-112g-h-3-sht,1587,0,"[(1587, 'от 1 уп')]","('DolceGusto',)"
319,230306,"Кофе Monarch Milligrano растворимый с молотым, 200г",/products/kofe-monarch-milligrano-rastvorimyy-s-molotym-200g,509,419,"[(419, 'от 1 шт')]","('MONARCH',)"
320,298849,"Кофе Dallmayr Prodomo жареный в зернах, 500г",/products/dallmayr-v-zernah-naturalnyj-zharenyj-prodomo-500g,1229,999,"[(899, 'от 1 шт')]","('DALLMAYR',)"
321,120509,"RIOBA Кофе в капсулах Cremoso для кофемашин Nespresso 11шт, 55г x 10 шт",/products/rioba-dlya-kofemashin-cremoso-11x5g-120509,2790,0,"[(2190, 'от 1 уп')]","('RIOBA',)"
322,120510,"RIOBA Кофе в капсулах Armonioso для кофемашин Nespresso 11шт, 55г x 10 шт",/products/rioba-dlya-kofemashin-armonioso-10x5g-120510,2790,0,"[(2190, 'от 1 уп')]","('RIOBA',)"
323,240201,"Кофе Monarch Espresso натуральный жареный в зернах, 1кг",/products/1kg-kofe-monarch-espresso-zharenyy-v-zyornah,1909,1399,"[(1399, 'от 1 шт')]","('MONARCH',)"
324,76036,"Кофе в капсулах Jacobs Espresso №10 Intenso для кофемашин Nespresso 10шт, 52г",/products/jacobs-espresso-10-intenso-10sht,297,239,"[(239, 'от 1 шт')]","('JACOBS',)"
325,235415,"Кофе Miscela D'Oro Espresso Gusto Classico в зернах, 1кг",/products/kofe-miscela-doro-espresso-gusto-classico-v-zernah-1kg,2749,2399,"[(2199, 'от 1 шт')]","(""MISCELAD'ORO"",)"
326,581767,Кофе Carte Noire Original в зернах 800 г,/products/carte-noire-v-zernah-naturalnyj-zharenyj-800g,1329,1249,"[(1189, 'от 1 шт')]","('CARTENOIRE',)"
327,224736,"Кофе Monarch Лесной орех растворимый, 95г",/products/95g-kofe-monarch-lesnoy-oreh-rastvorimyy-st,399,369,"[(349, 'от 1 шт')]","('MONARCH',)"
328,100813,"Кофе в капсулах Julius Meinl Lungo Classico Bio для кофемашин Nespresso 10шт, 56г",/products/julius-meinl-lungo-classico-10-56g,569,449,"[(449, 'от 1 шт')]","('JULIUSMEINL',)"
329,426450,"Кофе Carte Noire Original растворимый сублимированный, 150г",/products/carte-noire-sublimirovannyj-original-150g,789,739,"[(739, 'от 1 шт')]","('CARTENOIRE',)"
330,59569,"Кофе Illy Brazil arabica selection в зернах, 250г",/products/illy-arabika-250-g,1149,0,"[(1149, 'от 1 шт')]","('ILLY',)"
331,227972,"Кофе Fresco Arabica Solo растворимый, 190г",/products/kofe-fresco-arabica-solo-rastvorimyy-190g,519,449,"[(429, 'от 1 шт')]","('FRESCO',)"
332,241737,"Кофе Coffesso Classico молотый (9г x 5шт), 45г",/products/5shth9g-kofe-coffesso-classico-molotyy-drip-paket,202,169,"[(159, 'от 1 шт')]","('COFFESSO',)"
333,235416,"Кофе Miscela D'Oro Espresso Robusto в зернах, 1кг",/products/kofe-miscela-doro-espresso-robusto-v-zernah-1kg,1949,1699,"[(1599, 'от 1 шт')]","(""MISCELAD'ORO"",)"
334,243174,"RIOBA Кофе в капсулах Dolce Gusto Capuccino 8 порций 16 капсул, 192г х 3 шт",/products/rioba-kofe-v-kapsulah-dolce-gusto-capuccino-8-portsiy-16-kapsul-192g-h-3-sht,1587,0,"[(1587, 'от 1 уп')]","('DolceGusto',)"
335,243162,"Кофе Живой кофе Mokka Африка зерновой, 800г",/products/800g-zhivoy-kofe-mokka-afrika-zerno,1669,1099,"[(1099, 'от 1 шт')]","('ЖИВОЙКОФЕ',)"
336,76039,"Кофе в капсулах Jacobs Espresso №7 Classico для кофемашин Nespresso 10шт, 52г",/products/jacobs-espresso-7-classico-10sht,297,239,"[(239, 'от 1 шт')]","('JACOBS',)"
337,544095,"Кофе Жокей Традиционный в зернах, 900г",/products/zhokej-tradicionnyj-900g,1289,1249,"[(1249, 'от 1 шт')]","('ЖОКЕЙ',)"
338,218856,"Кофе Carte Noire Crema Delice в зернах, 800г",/products/800g-kofe-carte-noire-crema-delice-zerno,1329,1189,"[(1189, 'от 1 шт')]","('CARTENOIRE',)"
339,77948,"Кофе Julius Meinl Эспрессо в зернах, 500г",/products/julius-meinl-v-zernah-naturalnyj-zharenyj-president-grande-espresso-500g,1439,1299,"[(1299, 'от 1 шт')]","('JULIUSMEINL',)"
340,230025,"Кофе Illy без кофеина молотый, 250г",/products/kofe-illy-bez-kofeina-molotyy-250g,1269,1149,"[(1099, 'от 1 шт')]","('ILLY',)"
341,426443,"Кофе Carte Noire Original растворимый сублимированный, 75г",/products/art-426443,419,399,"[(389, 'от 1 шт')]","('CARTENOIRE',)"
342,611604,"Кофе Illy темная обжарка в зернах, 250г",/products/v-zernah-illy-temnaya-obzharka-250g,1149,0,"[(1149, 'от 1 шт')]","('ILLY',)"
343,232416,"Кофе Жокей крепкий растворимый 3в1 (12г x 50шт), 600г",/products/50shth12g-kofe-zhokey-krepkiy-3v1-rastvorimyy,449,0,"[(429, 'от 1 шт')]","('ЖОКЕЙ',)"
344,226523,"Напиток кофейный MacCoffee Latte карамель порционный (22г x 20шт), 440г",/products/20shth22g-kofe-maccoffee-latte-karamel-portsionnyy,369,299,"[(299, 'от 1 шт')]","('MACCOFFEE',)"
345,218855,"Кофе Carte Noire Original молотый, 230г",/products/230g-kofe-carte-noire-original-molotyy,469,439,"[(389, 'от 1 шт')]","('CARTENOIRE',)"
346,119131,"Кофе Жокей По-восточному молотый, 450г",/products/450g-zhokej-po-vostochnomu-mol,739,449,"[(449, 'от 1 шт')]","('ЖОКЕЙ',)"
347,234393,"Кофе Julius Meinl Melange Венская коллекция молотый, 220г",/products/kofe-julius-meinl-melange-venskaya-kollektsiya-molotyy-220g,699,0,"[(699, 'от 1 шт')]","('JULIUSMEINL',)"
348,232898,"Кофе D'Arte Original растворимый, 100г",/products/100g-kofe-darte-original-rastvorimyy,469,399,"[(389, 'от 1 шт')]","(""D'ARTE"",)"
349,226337,"Напиток кофейный Carte Noire Cappuccino растворимый 20 пакетиков, 300г",/products/20shth15g-nap-kofeynyy-carte-noire-cappuccino-rastv-ports,639,499,"[(449, 'от 1 шт')]","('CARTENOIRE',)"
350,666415,"Кофе Julius Meinl Юбилейный молотый, 250г",/products/yubilejnyj-julius-meinl-250-g,569,0,"[(549, 'от 1 шт')]","('JULIUSMEINL',)"
351,122285,"Кофе в капсулах Lavazza Qualita Oro для кофемашин Nespresso 10шт, 55г",/products/10h55g-lavazza-qualita-oro,589,569,"[(549, 'от 1 шт')]","('LAVAZZA',)"
352,226343,"Кофе Lebo Classic в зернах, 250г",/products/250g-kofe-lebo-classic-v-zernah,349,299,"[(269, 'от 1 шт')]","('LEBO',)"
353,241845,"Кофе в капсулах Coffesso Americano Gold для кофемашин Dolce Gusto 16шт, 128г",/products/16shth8g-kofe-coffesso-americano-gold-kapsuly,549,459,"[(459, 'от 1 шт')]","('COFFESSO',)"
354,215436,"Кофе Lebo Classic Original жареный в зернах, 100г",/products/100g-kofe-lebo-original-zharenyy-v-zernah,154,129,"[(119, 'от 1 шт')]","('LEBOCLASSIC',)"
355,44435,"Кофе Dallmayr Classic молотый, 250г",/products/dallmayr-classic-250-g,499,0,"[(449, 'от 1 шт')]","('DALLMAYR',)"
356,599071,"Кофе Jardin Kenya Kilimanjaro растворимый сублимированный, 150г",/products/jardin-kenya-kilimanjaro-sublimirovannyj-150g,549,0,"[(499, 'от 1 шт')]","('JARDIN',)"
357,221903,"Кофе в капсулах Carraro Intenso для кофемашин Nespresso 10шт, 55г",/products/10shtx55g-kofe-carraro-v-alyum-kapsulah-intenso,439,369,"[(369, 'от 1 шт')]","('CARRARO',)"
358,224714,"Кофе Monarch Gold растворимый, 95г",/products/95g-kofe-monarch-gold-rastvorimyy-st,379,359,"[(349, 'от 1 шт'), (281, 'от 6 шт')]","('MONARCH',)"
359,248729,"Кофе Carte Noire растворимый сублимированный (1.8г x 30шт), 54г",/products/30shtx18g-kofe-carte-noire-rastvorimyy-sublimirovannyy,399,309,"[(309, 'от 1 шт')]","('CARTENOIRE',)"
360,229165,"Кофе Tchibo Gold selection молотый, 250г",/products/250g-kofe-tchibo-gold-selection-molotyy,329,279,"[(249, 'от 1 шт')]","('TCHIBO',)"
361,226505,"Кофе MacCoffee Gold растворимый, 100г",/products/100g-kofe-maccoffee-gold-rastvorimyy-stb,297,229,"[(229, 'от 1 шт')]","('MACCOFFEE',)"
362,232415,"Кофе Жокей триумф растворимый, 450г",/products/450g-kofe-zhokey-triumf-rastvorimyy,1199,0,"[(1199, 'от 1 шт')]","('ЖОКЕЙ',)"
363,117362,"Кофе в капсулах L’or Espresso Delizioso для кофемашин Nespresso 10шт, 52г x 10 шт",/products/52g-l-rsquoor-espr-delizioso,3990,0,"[(3190, 'от 1 уп')]","(""L'OR"",)"
364,246092,"Кофе Живой кофе Rio-Rio молотый, 200г",/products/200g-zhivoy-kofe-rio-rio-molotyy,399,299,"[(369, 'от 1 шт'), (299, 'от 3 шт')]","('ЖИВОЙКОФЕ',)"
365,232419,"Кофе Jardin Guatemala Atitlan растворимый, 190г",/products/190g-kofe-jardin-guatemala-atitlan-rastvorimyy-stb,819,449,"[(449, 'от 1 шт')]","('JARDIN',)"
366,616877,"Кофе Egoiste Noir в зернах, 250г x 12 шт",/products/egoiste-noir-zernovoj-250g,8028,0,"[(4788, 'от 1 уп')]","('EGOISTE',)"
367,120511,"RIOBA Кофе в капсулах Decaffeinato без кофеина для кофемашин Nespresso 11шт, 55г x 10 шт",/products/rioba-dlya-kofemashin-decaffein-11x5g-120511,2790,0,"[(2190, 'от 1 уп')]","('RIOBA',)"
368,243161,"Кофе Живой кофе Rio-Rio Бразилия зерновой, 800г",/products/800g-zhivoy-kofe-rio-rio-braziliya-zerno,1519,1099,"[(1099, 'от 1 шт')]","('ЖИВОЙКОФЕ',)"
369,19743,"Кофе Nescafe Gold Barista растворимый, 85г x 6 шт",/products/nescafe-gold-molotyj-v-rastvorimom-barista-85g,2034,0,"[(1674, 'от 1 уп')]","('NESCAF',)"
370,624061,"Кофе Жокей классический в зернах, 900г",/products/art-624061,1499,0,"[(1499, 'от 1 шт')]","('ЖОКЕЙ',)"
371,246090,"Кофе Живой кофе арабика зерновой, 800г",/products/kofe-zhivoy-kofe-arabika-zernovoy-800g,1709,999,"[(1429, 'от 1 шт'), (1029, 'от 3 шт')]","('ЖИВОЙКОФЕ',)"
372,31887,"Кофе Bushido Kodo растворимый, 95г x 9 шт",/products/bushido-kodo-rastvorimyj-95g,7821,0,"[(5391, 'от 1 уп')]","('BUSHIDO',)"
373,120486,"RIOBA Кофе в капсулах Forte для кофемашин Nespresso 11шт, 55г x 10 шт",/products/rioba-dlya-kofemashin-forte-10x5g-120486,2790,0,"[(2190, 'от 1 уп')]","('RIOBA',)"
374,551816,"Кофе Nescafe Classic Crema растворимый, 95г x 12 шт",/products/nescafe-classic-crema-95-g-,2988,0,"[(2268, 'от 1 уп')]","('NESCAF',)"
375,228240,"Кофе Жокей Триумф растворимый, 280г",/products/280g-kofe-zhokey-triumf-rastvorimyy,769,549,"[(499, 'от 1 шт')]","('ЖОКЕЙ',)"
376,302173,"aro Кофе растворимый сублимированный, 80г x 2 шт",/products/aro-sublimirovannyj-80g-2-sht,318,0,"[(278, 'от 1 уп')]","('ARO',)"
377,120485,"RIOBA Кофе в капсулах Delicato для кофемашин Nespresso 11шт, 55г x 10 шт",/products/rioba-dlya-kofemashin-delicato-10x5g-120485,2790,0,"[(2190, 'от 1 уп')]","('RIOBA',)"
378,616531,"Кофе Жокей Фаворит растворимый гранулированный, 75г",/products/zhokej-favorit-granulirovannyj150-g,297,149,"[(149, 'от 1 шт')]","('ЖОКЕЙ',)"
379,29181,"Кофе Nescafe Gold растворимый сублимированный с добавлением натурального жареного молотого кофе, 750г x 6 шт",/products/nescafe-gold-rastvorimyj-sublimirovannyj-750g,12594,0,"[(11993, 'от 1 уп')]","('NESCAF',)"
380,459854,"Кофе Jardin Guatemala Atitlan растворимый, 150г",/products/jardin-guatemala-atitlan-150g,549,0,"[(499, 'от 1 шт')]","('JARDIN',)"
381,31894,"Кофе Egoiste Noir растворимый сублимированный, 100г х 12 шт",/products/carte-noire-egoist-rastvorimyj-sublimirovannyj-100-g,6468,0,"[(5028, 'от 1 уп')]","('EGOISTE',)"
382,120484,"RIOBA Кофе в капсулах Intenso для кофемашин Nespresso 11шт, 55г x 10 шт",/products/rioba-dlya-kofemashin-intenso-11x5g-120484,2790,0,"[(2190, 'от 1 уп')]","('RIOBA',)"
383,248730,"Кофе Monarch капучино растворимый (15г x 20шт), 300г",/products/20shth15g-kofe-monarch-kapuchino-rastvorimyy,699,549,"[(549, 'от 1 шт')]","('MONARCH',)"
384,117387,"Набор кофе в капсулах Coffesso для кофемашин Nespresso ассорти 50шт, 250г x 6 шт",/products/50h5g-coffesso-nabor,6594,0,"[(5214, 'от 1 уп')]","('COFFESSO',)"
385,120512,"Кофе в капсулах L’or Espresso Forza для кофемашин Nespresso 10шт, 52г x 10 шт",/products/v-alyuminievyh-l-rsquoor-espresso-forza-10-shtuk-po-52-g,3990,0,"[(3190, 'от 1 уп')]","(""L'OR"",)"
386,31895,"Кофе Egoiste Arabica Premium натуральный жареный в зернах, 1кг x 4 шт",/products/v-zernah-egoiste-noir-100-arabika-1kg,6796,0,"[(5716, 'от 1 уп')]","('EGOISTE',)"
387,117382,"Кофе в капсулах L’or Espresso Ristretto для кофемашин Nespresso 10шт, 52г x 10 шт",/products/52g-l-rsquoor-ristretto,3990,0,"[(3190, 'от 1 уп')]","(""L'OR"",)"
388,616876,"Кофе Egoiste Noir молотый, 250г x 12 шт",/products/egoiste-noir-250g,8028,0,"[(4788, 'от 1 уп')]","('EGOISTE',)"
389,247918,"Кофе Poetti Professional Aroma Vending зерновой, 1кг",/products/1kg-kofe-poetti-professional-aroma-vending-zernovoy,1279,999,"[(999, 'от 1 шт')]","('POETTI',)"
390,117361,"Кофе в капсулах L’or Espresso Lungo Profondo для кофемашин Nespresso 10шт, 52г x 10 шт",/products/52g-l-rsquoor-lungo-profondo,3990,0,"[(3190, 'от 1 уп')]","(""L'OR"",)"
391,117381,"Кофе в капсулах L’or Espresso Splendente для кофемашин Nespresso 10шт, 52г x 10 шт",/products/52g-l-rsquoor-espr-splendent,3990,0,"[(3190, 'от 1 уп')]","(""L'OR"",)"
